{"cameraMode":{"drawMode":0,"name":"Shaded","section":"Shading Mode"},"sceneLighting":true,"audioPlay":false,"sceneViewState":{"showFog":true,"showMaterialUpdate":false,"showSkybox":true,"showFlares":true,"showImageEffects":true,"showParticleSystems":true},"in2DMode":false,"pivot":{"x":59.35295486450195,"y":-7.515663146972656,"z":88.09382629394531},"rotation":{"x":-0.38934844732284548,"y":0.17999961972236634,"z":-0.07790400832891464,"w":-0.8999855518341065},"size":30.917377471923829,"orthographic":false}